R屋面角铁名称,L屋面角铁名称,R百页角铁名称,L百页角铁名称,R水沟,L水沟,R水沟T铁,L水沟T铁
G3/20R5H,G3/21L5H,G3/20R1H,G3/21L1H,G3/20R1F,G3/21L2F,G3/20R1G,G3/21L1G
G3/20R6H,G3/21L6H,G3/20R2H,G3/21L2H,G3/20R2F,G3/21L3F,G3/20R2G,G3/21L2G
G3/20R7H,G3/21L7H,G3/20R3H,G3/21L3H,G3/20R3F,G3/21L4F,G3/20R3G,G3/21L3G
G3/20R8H,G3/21L8H,G3/20R4H,G3/21L4H,G3/20R4F,G3/21L5F,G3/20R4G,G3/21L4G
G3/20R9H,G3/21L9H,0,0,G3/20R5F,G3/21L6F,G3/20R5G,G3/21L5G
G3/20R10H,G3/21L10H,0,0,G3/20R6F,G3/21L7F,G3/20R6G,G3/21L6G
G3/20R11H,G3/21L11H,0,0,G3/20R7F,G3/21L8F,G3/20R7G,G3/21L7G
G3/20R12H,G3/21L12H,0,0,G3/20R8F,G3/21L9F,G3/20R8G,G3/21L8G
G3/20R13H,G3/21L13H,0,0,G3/20R9F,G3/21L10F,G3/20R9G,G3/21L9G
G3/20R14H,G3/21L14H,0,0,G3/20R10F,G3/21L11F,G3/20R10G,G3/21L10G
G3/20R15H,G3/21L15H,0,0,G3/20R11F,G3/21L12F,G3/20R11G,G3/21L11G
G3/20R16H,G3/21L16H,0,0,G3/20R12F,G3/21L13F,G3/20R12G,G3/21L12G
G3/20R17H,G3/21L17H,0,0,G3/20R13F,G3/21L14F,G3/20R13G,G3/21L13G
G3/20R18H,G3/21L18H,0,0,G3/20R14F,G3/21L15F,G3/20R14G,G3/21L14G
G3/20R19H,G3/21L19H,G3/20R34H,G3/21L34H,G3/20R15F,G3/21L16F,G3/20R15G,G3/21L15G
G3/20R20H,G3/21L20H,G3/20R35H,G3/21L35H,G3/20R16F,G3/21L17F,G3/20R16G,G3/21L16G
G3/20R21H,G3/21L21H,G3/20R36H,G3/21L36H,G3/20R17F,G3/21L18F,G3/20R17G,G3/21L17G
G3/20R22H,G3/21L22H,0,0,G3/20R18F,G3/21L19F,G3/20R18G,G3/21L18G
G3/20R23H,G3/21L23H,0,0,G3/20R19F,G3/21L20F,G3/20R19G,G3/21L19G
G3/20R24H,G3/21L24H,0,0,G3/20R20F,G3/21L21F,G3/20R20G,G3/21L20G
G3/20R25H,G3/21L25H,0,0,G3/20R21F,G3/21L22F,G3/20R21G,G3/21L21G
G3/20R26H,G3/21L26H,0,0,G3/20R22F,G3/21L23F,G3/20R22G,G3/21L22G
G3/20R27H,G3/21L27H,0,0,G3/20R23F,G3/21L24F,G3/20R23G,G3/21L23G
G3/20R28H,G3/21L28H,0,0,G3/20R24F,G3/21L25F,G3/20R24G,G3/21L24G
G3/20R29H,G3/21L29H,0,0,G3/20R25F,G3/21L26F,G3/20R25G,G3/21L25G
G3/20R30H,G3/21L30H,0,0,G3/20R26F,G3/21L27F,G3/20R26G,G3/21L26G
G3/20R31H,G3/21L31H,0,0,G3/20R27F,G3/21L28F,G3/20R27G,G3/21L27G
G3/20R32H,G3/21L32H,0,0,G3/20R28F,G3/21L29F,G3/20R28G,G3/21L28G
G3/20R33H,G3/21L33H,0,0,G3/20R29F,G3/21L30F,G3/20R29G,G3/21L29G
G3/19R6H,G3/20L6H,G3/19R1H,G3/20L1H,G3/20R30F,G3/21L31F,G3/20R30G,G3/21L30G
G3/19R7H,G3/20L7H,G3/19R2H,G3/20L2H,G3/20R31F,G3/21L32F,G3/20R31G,G3/21L31G
G3/19R8H,G3/20L8H,G3/19R3H,G3/20L3H,G3/20R32F,G3/21L33F,G3/20R32G,G3/21L32G
G3/19R9H,G3/20L9H,G3/19R4H,G3/20L4H,G3/20R33F,G3/21L34F,G3/20R33G,G3/21L33G
G3/19R10H,G3/20L10H,G3/19R5H,G3/20L5H,G3/20R34F,G3/21L35F,G3/20R34G,G3/21L34G
G3/19R11H,G3/20L11H,0,0,G3/20R35F,G3/20R1F,G3/20R35G,G3/21L35G
G3/19R12H,G3/20L12H,0,0,G3/20R37F,G3/20L2F,G3/20R36G,G3/21L36G
G3/19R13H,G3/20L13H,0,0,G3/19R1F,G3/20L3F,G3/19R1G,G3/20L1G
G3/19R14H,G3/20L14H,0,0,G3/19R2F,G3/20L4F,G3/19R2G,G3/20L2G
G3/19R15H,G3/20L15H,0,0,G3/19R3F,G3/20L5F,G3/19R3G,G3/20L3G
G3/19R16H,G3/20L16H,0,0,G3/19R4F,G3/20L6F,G3/19R4G,G3/20L4G
G3/19R17H,G3/20L17H,0,0,G3/19R5F,G3/20L7F,G3/19R5G,G3/20L5G
G3/19R22H,G3/20L22H,G3/19R34H,G3/20L34H,G3/19R6F,G3/20L8F,G3/19R6G,G3/20L6G
G3/19R23H,G3/20L23H,G3/19R35H,G3/20L35H,G3/19R7F,G3/20L9F,G3/19R7G,G3/20L7G
G3/19R24H,G3/20L24H,G3/19R36H,G3/20L36H,G3/19R8F,G3/20L10F,G3/19R8G,G3/20L8G
G3/19R25H,G3/20L25H,G3/19R37H,G3/20L37H,G3/19R9F,G3/20L11F,G3/19R9G,G3/20L9G
G3/19R26H,G3/20L26H,G3/19R38H,G3/20L38H,G3/19R10F,G3/20L12F,G3/19R10G,G3/20L10G
G3/19R27H,G3/20L27H,0,0,G3/19R11F,G3/20L13F,G3/19R11G,G3/20L11G
G3/19R28H,G3/20L28H,0,0,G3/19R12F,G3/20L14F,G3/19R12G,G3/20L12G
G3/19R29H,G3/20L29H,0,0,G3/19R13F,G3/20L15F,G3/19R13G,G3/20L13G
G3/19R30H,G3/20L30H,0,0,G3/19R14F,G3/20L16F,G3/19R14G,G3/20L14G
G3/19R31H,G3/20L31H,0,0,G3/19R15F,G3/20L17F,G3/19R15G,G3/20L15G
G3/19R32H,G3/20L32H,0,0,G3/19R16F,G3/20L18F,G3/19R16G,G3/20L16G
G3/19R33H,G3/20L33H,0,0,G3/19R17F,G3/20L19F,G3/19R17G,G3/20L17G
G3/18R6H,G3/19L6H,G3/18R1H,G3/19L1H,G3/19R18F,G3/20L20F,G3/19R18G,G3/20L18G
G3/18R7H,G3/19L7H,G3/18R2H,G3/19L2H,G3/19R19F,G3/20L21F,G3/19R19G,G3/20L19G
G3/18R8H,G3/19L8H,G3/18R3H,G3/19L3H,G3/19R20F,G3/20L22F,G3/19R20G,G3/20L20G
G3/18R9H,G3/19L9H,G3/18R4H,G3/19L4H,G3/19R21F,G3/20L23F,G3/19R21G,G3/20L21G
G3/18R10H,G3/19L10H,G3/18R5H,G3/19L5H,G3/19R22F,G3/20L24F,G3/19R22G,G3/20L22G
G3/18R11H,G3/19L11H,0,0,G3/19R23F,G3/20L25F,G3/19R23G,G3/20L23G
G3/18R12H,G3/19L12H,0,0,G3/19R24F,G3/20L26F,G3/19R24G,G3/20L24G
G3/18R13H,G3/19L13H,0,0,G3/19R25F,G3/20L27F,G3/19R25G,G3/20L25G
G3/18R14H,G3/19L14H,0,0,G3/19R26F,G3/20L28F,G3/19R26G,G3/20L26G
G3/18R15H,G3/19L15H,0,0,G3/19R27F,G3/20L29F,G3/19R27G,G3/20L27G
G3/18R16H,G3/19L16H,0,0,G3/19R28F,G3/20L30F,G3/19R28G,G3/20L28G
G3/18R17H,G3/19L17H,0,0,G3/19R29F,G3/20L31F,G3/19R29G,G3/20L29G
G3/18R18H,G3/19L18H,0,0,G3/19R30F,G3/20L32F,G3/19R30G,G3/20L30G
G3/18R19H,G3/19L19H,0,0,G3/19R31F,G3/20L33F,G3/19R31G,G3/20L31G
G3/18R24H,G3/19L24H,G3/18R38H,G3/19L38H,G3/19R32F,G3/20L34F,G3/19R32G,G3/20L32G
G3/18R25H,G3/19L25H,G3/18R39H,G3/19L39H,G3/19R33F,G3/20L35F,G3/19R33G,G3/20L33G
G3/18R26H,G3/19L26H,G3/18R40H,G3/19L40H,G3/19R34F,G3/20L36F,G3/19R34G,G3/20L34G
G3/18R27H,G3/19L27H,G3/18R41H,G3/19L41H,G3/19R35F,G3/20L37F,G3/19R35G,G3/20L35G
G3/18R28H,G3/19L28H,G3/18R42H,G3/19L42H,G3/19R36F,G3/20R37F,G3/19R36G,G3/20L36G
G3/18R29H,G3/19L29H,0,0,G3/19R37F,G3/19R1F,G3/19R37G,G3/20L37G
G3/18R30H,G3/19L30H,0,0,G3/19R39F,G3/19L2F,G3/19R38G,G3/20L38G
G3/18R31H,G3/19L31H,0,0,G3/18R1F,G3/19L3F,G3/18R1G,G3/19L1G
G3/18R32H,G3/19L32H,0,0,G3/18R2F,G3/19L4F,G3/18R2G,G3/19L2G
G3/18R33H,G3/19L33H,0,0,G3/18R3F,G3/19L5F,G3/18R3G,G3/19L3G
G3/18R34H,G3/19L34H,0,0,G3/18R4F,G3/19L6F,G3/18R4G,G3/19L4G
G3/18R35H,G3/19L35H,0,0,G3/18R5F,G3/19L7F,G3/18R5G,G3/19L5G
G3/18R36H,G3/19L36H,0,0,G3/18R6F,G3/19L8F,G3/18R6G,G3/19L6G
G3/18R37H,G3/19L37H,0,0,G3/18R7F,G3/19L9F,G3/18R7G,G3/19L7G
G3/17R7H,G3/18L7H,G3/17R1H,G3/18L1H,G3/18R8F,G3/19L10F,G3/18R8G,G3/19L8G
G3/17R8H,G3/18L8H,G3/17R2H,G3/18L2H,G3/18R9F,G3/19L11F,G3/18R9G,G3/19L9G
G3/17R9H,G3/18L9H,G3/17R3H,G3/18L3H,G3/18R10F,G3/19L12F,G3/18R10G,G3/19L10G
G3/17R10H,G3/18L10H,G3/17R4H,G3/18L4H,G3/18R11F,G3/19L13F,G3/18R11G,G3/19L11G
G3/17R11H,G3/18L11H,G3/17R5H,G3/18L5H,G3/18R12F,G3/19L14F,G3/18R12G,G3/19L12G
G3/17R12H,G3/18L12H,G3/17R6H,G3/18L6H,G3/18R13F,G3/19L15F,G3/18R13G,G3/19L13G
G3/17R13H,G3/18L13H,0,0,G3/18R14F,G3/19L16F,G3/18R14G,G3/19L14G
G3/17R14H,G3/18L14H,0,0,G3/18R15F,G3/19L17F,G3/18R15G,G3/19L15G
G3/17R15H,G3/18L15H,0,0,G3/18R16F,G3/19L18F,G3/18R16G,G3/19L16G
G3/17R16H,G3/18L16H,0,0,G3/18R17F,G3/19L19F,G3/18R17G,G3/19L17G
G3/17R17H,G3/18L17H,0,0,G3/18R18F,G3/19L20F,G3/18R18G,G3/19L18G
G3/17R18H,G3/18L18H,0,0,G3/18R19F,G3/19L21F,G3/18R19G,G3/19L19G
G3/17R19H,G3/18L19H,0,0,G3/18R20F,G3/19L22F,G3/18R20G,G3/19L20G
G3/17R20H,G3/18L20H,0,0,G3/18R21F,G3/19L23F,G3/18R21G,G3/19L21G
G3/17R25H,G3/18L25H,G3/17R39H,G3/18L39H,G3/18R22F,G3/19L24F,G3/18R22G,G3/19L22G
G3/17R26H,G3/18L26H,G3/17R40H,G3/18L40H,G3/18R23F,G3/19L25F,G3/18R23G,G3/19L23G
G3/17R27H,G3/18L27H,G3/17R41H,G3/18L41H,G3/18R24F,G3/19L26F,G3/18R24G,G3/19L24G
G3/17R28H,G3/18L28H,G3/17R42H,G3/18L42H,G3/18R25F,G3/19L27F,G3/18R25G,G3/19L25G
G3/17R29H,G3/18L29H,G3/17R43H,G3/18L43H,G3/18R26F,G3/19L28F,G3/18R26G,G3/19L26G
G3/17R30H,G3/18L30H,G3/17R44H,G3/18L44H,G3/18R27F,G3/19L29F,G3/18R27G,G3/19L27G
G3/17R31H,G3/18L31H,0,0,G3/18R28F,G3/19L30F,G3/18R28G,G3/19L28G
G3/17R32H,G3/18L32H,0,0,G3/18R29F,G3/19L31F,G3/18R29G,G3/19L29G
G3/17R33H,G3/18L33H,0,0,G3/18R30F,G3/19L32F,G3/18R30G,G3/19L30G
G3/17R34H,G3/18L34H,0,0,G3/18R31F,G3/19L33F,G3/18R31G,G3/19L31G
G3/17R35H,G3/18L35H,0,0,G3/18R32F,G3/19L34F,G3/18R32G,G3/19L32G
G3/17R36H,G3/18L36H,0,0,G3/18R33F,G3/19L35F,G3/18R33G,G3/19L33G
G3/17R37H,G3/18L37H,0,0,G3/18R34F,G3/19L36F,G3/18R34G,G3/19L34G
G3/17R38H,G3/18L38H,0,0,G3/18R35F,G3/19L37F,G3/18R35G,G3/19L35G
G3/16R7H,G3/17L7H,G3/16R1H,G3/17L1H,G3/18R36F,G3/19L38F,G3/18R36G,G3/19L36G
G3/16R8H,G3/17L8H,G3/16R2H,G3/17L2H,G3/18R37F,G3/19L39F,G3/18R37G,G3/19L37G
G3/16R9H,G3/17L9H,G3/16R3H,G3/17L3H,G3/18R38F,G3/19L40F,G3/18R38G,G3/19L38G
G3/16R10H,G3/17L10H,G3/16R4H,G3/17L4H,G3/18R39F,G3/19L41F,G3/18R39G,G3/19L39G
G3/16R11H,G3/17L11H,G3/16R5H,G3/17L5H,G3/18R40F,G3/19R39F,G3/18R40G,G3/19L40G
G3/16R12H,G3/17L12H,G3/16R6H,G3/17L6H,G3/18R41F,G3/18R1F,G3/18R41G,G3/19L41G
G3/16R13H,G3/17L13H,0,0,G3/18R43F,G3/18L2F,G3/18R42G,G3/19L42G
G3/16R14H,G3/17L14H,0,0,G3/17R1F,G3/18L3F,G3/17R1G,G3/18L1G
G3/16R15H,G3/17L15H,0,0,G3/17R2F,G3/18L4F,G3/17R2G,G3/18L2G
G3/16R16H,G3/17L16H,0,0,G3/17R3F,G3/18L5F,G3/17R3G,G3/18L3G
G3/16R17H,G3/17L17H,0,0,G3/17R4F,G3/18L6F,G3/17R4G,G3/18L4G
G3/16R18H,G3/17L18H,0,0,G3/17R5F,G3/18L7F,G3/17R5G,G3/18L5G
G3/16R19H,G3/17L19H,0,0,G3/17R6F,G3/18L8F,G3/17R6G,G3/18L6G
G3/16R20H,G3/17L20H,0,0,G3/17R7F,G3/18L9F,G3/17R7G,G3/18L7G
G3/16R21H,G3/17L21H,0,0,G3/17R8F,G3/18L10F,G3/17R8G,G3/18L8G
G3/16R22H,G3/17L22H,0,0,G3/17R9F,G3/18L11F,G3/17R9G,G3/18L9G
G3/16R27H,G3/17L27H,G3/16R43H,G3/17L43H,G3/17R10F,G3/18L12F,G3/17R10G,G3/18L10G
G3/16R28H,G3/17L28H,G3/16R44H,G3/17L44H,G3/17R11F,G3/18L13F,G3/17R11G,G3/18L11G
G3/16R29H,G3/17L29H,G3/16R45H,G3/17L45H,G3/17R12F,G3/18L14F,G3/17R12G,G3/18L12G
G3/16R30H,G3/17L30H,G3/16R46H,G3/17L46H,G3/17R13F,G3/18L15F,G3/17R13G,G3/18L13G
G3/16R31H,G3/17L31H,G3/16R47H,G3/17L47H,G3/17R14F,G3/18L16F,G3/17R14G,G3/18L14G
G3/16R32H,G3/17L32H,G3/16R48H,G3/17L48H,G3/17R15F,G3/18L17F,G3/17R15G,G3/18L15G
G3/16R33H,G3/17L33H,0,0,G3/17R16F,G3/18L18F,G3/17R16G,G3/18L16G
G3/16R34H,G3/17L34H,0,0,G3/17R17F,G3/18L19F,G3/17R17G,G3/18L17G
G3/16R35H,G3/17L35H,0,0,G3/17R18F,G3/18L20F,G3/17R18G,G3/18L18G
G3/16R36H,G3/17L36H,0,0,G3/17R19F,G3/18L21F,G3/17R19G,G3/18L19G
G3/16R37H,G3/17L37H,0,0,G3/17R20F,G3/18L22F,G3/17R20G,G3/18L20G
G3/16R38H,G3/17L38H,0,0,G3/17R21F,G3/18L23F,G3/17R21G,G3/18L21G
G3/16R39H,G3/17L39H,0,0,G3/17R22F,G3/18L24F,G3/17R22G,G3/18L22G
G3/16R40H,G3/17L40H,0,0,G3/17R23F,G3/18L25F,G3/17R23G,G3/18L23G
G3/16R41H,G3/17L41H,0,0,G3/17R24F,G3/18L26F,G3/17R24G,G3/18L24G
G3/16R42H,G3/17L42H,0,0,G3/17R25F,G3/18L27F,G3/17R25G,G3/18L25G
G3/15R7H,G3/16L7H,G3/15R1H,G3/16L1H,G3/17R26F,G3/18L28F,G3/17R26G,G3/18L26G
G3/15R8H,G3/16L8H,G3/15R2H,G3/16L2H,G3/17R27F,G3/18L29F,G3/17R27G,G3/18L27G
G3/15R9H,G3/16L9H,G3/15R3H,G3/16L3H,G3/17R28F,G3/18L30F,G3/17R28G,G3/18L28G
G3/15R10H,G3/16L10H,G3/15R4H,G3/16L4H,G3/17R29F,G3/18L31F,G3/17R29G,G3/18L29G
G3/15R11H,G3/16L11H,G3/15R5H,G3/16L5H,G3/17R30F,G3/18L32F,G3/17R30G,G3/18L30G
G3/15R12H,G3/16L12H,G3/15R6H,G3/16L6H,G3/17R31F,G3/18L33F,G3/17R31G,G3/18L31G
G3/15R13H,G3/16L13H,0,0,G3/17R32F,G3/18L34F,G3/17R32G,G3/18L32G
G3/15R14H,G3/16L14H,0,0,G3/17R33F,G3/18L35F,G3/17R33G,G3/18L33G
G3/15R15H,G3/16L15H,0,0,G3/17R34F,G3/18L36F,G3/17R34G,G3/18L34G
G3/15R16H,G3/16L16H,0,0,G3/17R35F,G3/18L37F,G3/17R35G,G3/18L35G
G3/15R17H,G3/16L17H,0,0,G3/17R36F,G3/18L38F,G3/17R36G,G3/18L36G
G3/15R18H,G3/16L18H,0,0,G3/17R37F,G3/18L39F,G3/17R37G,G3/18L37G
G3/15R19H,G3/16L19H,0,0,G3/17R38F,G3/18L40F,G3/17R38G,G3/18L38G
G3/15R20H,G3/16L20H,0,0,G3/17R39F,G3/18L41F,G3/17R39G,G3/18L39G
G3/15R21H,G3/16L21H,0,0,G3/17R40F,G3/18L42F,G3/17R40G,G3/18L40G
G3/15R22H,G3/16L22H,0,0,G3/17R41F,G3/18L43F,G3/17R41G,G3/18L41G
G3/15R23H,G3/16L23H,0,0,G3/17R42F,G3/18R43F,G3/17R42G,G3/18L42G
G3/15R28H,G3/16L28H,G3/15R45H,G3/16L45H,G3/17R43F,G3/17R1F,G3/17R43G,G3/18L43G
G3/15R29H,G3/16L29H,G3/15R46H,G3/16L46H,G3/17R45F,G3/17L2F,G3/17R44G,G3/18L44G
G3/15R30H,G3/16L30H,G3/15R47H,G3/16L47H,G3/16R1F,G3/17L3F,G3/16R1G,G3/17L1G
G3/15R31H,G3/16L31H,G3/15R48H,G3/16L48H,G3/16R2F,G3/17L4F,G3/16R2G,G3/17L2G
G3/15R32H,G3/16L32H,G3/15R49H,G3/16L49H,G3/16R3F,G3/17L5F,G3/16R3G,G3/17L3G
G3/15R33H,G3/16L33H,G3/15R50H,G3/16L50H,G3/16R4F,G3/17L6F,G3/16R4G,G3/17L4G
G3/15R34H,G3/16L34H,0,0,G3/16R5F,G3/17L7F,G3/16R5G,G3/17L5G
G3/15R35H,G3/16L35H,0,0,G3/16R6F,G3/17L8F,G3/16R6G,G3/17L6G
G3/15R36H,G3/16L36H,0,0,G3/16R7F,G3/17L9F,G3/16R7G,G3/17L7G
G3/15R37H,G3/16L37H,0,0,G3/16R8F,G3/17L10F,G3/16R8G,G3/17L8G
G3/15R38H,G3/16L38H,0,0,G3/16R9F,G3/17L11F,G3/16R9G,G3/17L9G
G3/15R39H,G3/16L39H,0,0,G3/16R10F,G3/17L12F,G3/16R10G,G3/17L10G
G3/15R40H,G3/16L40H,0,0,G3/16R11F,G3/17L13F,G3/16R11G,G3/17L11G
G3/15R41H,G3/16L41H,0,0,G3/16R12F,G3/17L14F,G3/16R12G,G3/17L12G
G3/15R42H,G3/16L42H,0,0,G3/16R13F,G3/17L15F,G3/16R13G,G3/17L13G
G3/15R43H,G3/16L43H,0,0,G3/16R14F,G3/17L16F,G3/16R14G,G3/17L14G
G3/15R44H,G3/16L44H,0,0,G3/16R15F,G3/17L17F,G3/16R15G,G3/17L15G
G3/14R7H,G3/15L7H,G3/14R1H,G3/15L1H,G3/16R16F,G3/17L18F,G3/16R16G,G3/17L16G
G3/14R8H,G3/15L8H,G3/14R2H,G3/15L2H,G3/16R17F,G3/17L19F,G3/16R17G,G3/17L17G
G3/14R9H,G3/15L9H,G3/14R3H,G3/15L3H,G3/16R18F,G3/17L20F,G3/16R18G,G3/17L18G
G3/14R10H,G3/15L10H,G3/14R4H,G3/15L4H,G3/16R19F,G3/17L21F,G3/16R19G,G3/17L19G
G3/14R11H,G3/15L11H,G3/14R5H,G3/15L5H,G3/16R20F,G3/17L22F,G3/16R20G,G3/17L20G
G3/14R12H,G3/15L12H,G3/14R6H,G3/15L6H,G3/16R21F,G3/17L23F,G3/16R21G,G3/17L21G
G3/14R13H,G3/15L13H,0,0,G3/16R22F,G3/17L24F,G3/16R22G,G3/17L22G
G3/14R14H,G3/15L14H,0,0,G3/16R23F,G3/17L25F,G3/16R23G,G3/17L23G
G3/14R15H,G3/15L15H,0,0,G3/16R24F,G3/17L26F,G3/16R24G,G3/17L24G
G3/14R16H,G3/15L16H,0,0,G3/16R25F,G3/17L27F,G3/16R25G,G3/17L25G
G3/14R17H,G3/15L17H,0,0,G3/16R26F,G3/17L28F,G3/16R26G,G3/17L26G
G3/14R18H,G3/15L18H,0,0,G3/16R27F,G3/17L29F,G3/16R27G,G3/17L27G
G3/14R19H,G3/15L19H,0,0,G3/16R28F,G3/17L30F,G3/16R28G,G3/17L28G
G3/14R20H,G3/15L20H,0,0,G3/16R29F,G3/17L31F,G3/16R29G,G3/17L29G
G3/14R21H,G3/15L21H,0,0,G3/16R30F,G3/17L32F,G3/16R30G,G3/17L30G
G3/14R22H,G3/15L22H,0,0,G3/16R31F,G3/17L33F,G3/16R31G,G3/17L31G
G3/14R23H,G3/15L23H,0,0,G3/16R32F,G3/17L34F,G3/16R32G,G3/17L32G
G3/14R24H,G3/15L24H,0,0,G3/16R33F,G3/17L35F,G3/16R33G,G3/17L33G
G3/14R25H,G3/15L25H,0,0,G3/16R34F,G3/17L36F,G3/16R34G,G3/17L34G
G3/14R30H,G3/15L30H,G3/14R49H,G3/15L49H,G3/16R35F,G3/17L37F,G3/16R35G,G3/17L35G
G3/14R31H,G3/15L31H,G3/14R50H,G3/15L50H,G3/16R36F,G3/17L38F,G3/16R36G,G3/17L36G
G3/14R32H,G3/15L32H,G3/14R51H,G3/15L51H,G3/16R37F,G3/17L39F,G3/16R37G,G3/17L37G
G3/14R33H,G3/15L33H,G3/14R52H,G3/15L52H,G3/16R38F,G3/17L40F,G3/16R38G,G3/17L38G
G3/14R34H,G3/15L34H,G3/14R53H,G3/15L53H,G3/16R39F,G3/17L41F,G3/16R39G,G3/17L39G
G3/14R35H,G3/15L35H,G3/14R54H,G3/15L54H,G3/16R40F,G3/17L42F,G3/16R40G,G3/17L40G
G3/14R36H,G3/15L36H,0,0,G3/16R41F,G3/17L43F,G3/16R41G,G3/17L41G
G3/14R37H,G3/15L37H,0,0,G3/16R42F,G3/17L44F,G3/16R42G,G3/17L42G
G3/14R38H,G3/15L38H,0,0,G3/16R43F,G3/17L45F,G3/16R43G,G3/17L43G
G3/14R39H,G3/15L39H,0,0,G3/16R44F,G3/17L46F,G3/16R44G,G3/17L44G
G3/14R40H,G3/15L40H,0,0,G3/16R45F,G3/17L47F,G3/16R45G,G3/17L45G
G3/14R41H,G3/15L41H,0,0,G3/16R46F,G3/17R45F,G3/16R46G,G3/17L46G
G3/14R42H,G3/15L42H,0,0,G3/16R47F,G3/16R1F,G3/16R47G,G3/17L47G
G3/14R43H,G3/15L43H,0,0,G3/16R49F,G3/16L2F,G3/16R48G,G3/17L48G
G3/14R44H,G3/15L44H,0,0,G3/15R1F,G3/16L3F,G3/15R1G,G3/16L1G
G3/14R45H,G3/15L45H,0,0,G3/15R2F,G3/16L4F,G3/15R2G,G3/16L2G
G3/14R46H,G3/15L46H,0,0,G3/15R3F,G3/16L5F,G3/15R3G,G3/16L3G
G3/14R47H,G3/15L47H,0,0,G3/15R4F,G3/16L6F,G3/15R4G,G3/16L4G
G3/14R48H,G3/15L48H,0,0,G3/15R5F,G3/16L7F,G3/15R5G,G3/16L5G
G3/13R7H,G3/14L7H,G3/13R1H,G3/14L1H,G3/15R6F,G3/16L8F,G3/15R6G,G3/16L6G
G3/13R8H,G3/14L8H,G3/13R2H,G3/14L2H,G3/15R7F,G3/16L9F,G3/15R7G,G3/16L7G
G3/13R9H,G3/14L9H,G3/13R3H,G3/14L3H,G3/15R8F,G3/16L10F,G3/15R8G,G3/16L8G
G3/13R10H,G3/14L10H,G3/13R4H,G3/14L4H,G3/15R9F,G3/16L11F,G3/15R9G,G3/16L9G
G3/13R11H,G3/14L11H,G3/13R5H,G3/14L5H,G3/15R10F,G3/16L12F,G3/15R10G,G3/16L10G
G3/13R12H,G3/14L12H,G3/13R6H,G3/14L6H,G3/15R11F,G3/16L13F,G3/15R11G,G3/16L11G
G3/13R13H,G3/14L13H,0,0,G3/15R12F,G3/16L14F,G3/15R12G,G3/16L12G
G3/13R14H,G3/14L14H,0,0,G3/15R13F,G3/16L15F,G3/15R13G,G3/16L13G
G3/13R15H,G3/14L15H,0,0,G3/15R14F,G3/16L16F,G3/15R14G,G3/16L14G
G3/13R16H,G3/14L16H,0,0,G3/15R15F,G3/16L17F,G3/15R15G,G3/16L15G
G3/13R17H,G3/14L17H,0,0,G3/15R16F,G3/16L18F,G3/15R16G,G3/16L16G
G3/13R18H,G3/14L18H,0,0,G3/15R17F,G3/16L19F,G3/15R17G,G3/16L17G
G3/13R19H,G3/14L19H,0,0,G3/15R18F,G3/16L20F,G3/15R18G,G3/16L18G
G3/13R20H,G3/14L20H,0,0,G3/15R19F,G3/16L21F,G3/15R19G,G3/16L19G
G3/13R21H,G3/14L21H,0,0,G3/15R20F,G3/16L22F,G3/15R20G,G3/16L20G
G3/13R22H,G3/14L22H,0,0,G3/15R21F,G3/16L23F,G3/15R21G,G3/16L21G
G3/13R23H,G3/14L23H,0,0,G3/15R22F,G3/16L24F,G3/15R22G,G3/16L22G
G3/13R24H,G3/14L24H,0,0,G3/15R23F,G3/16L25F,G3/15R23G,G3/16L23G
G3/13R25H,G3/14L25H,0,0,G3/15R24F,G3/16L26F,G3/15R24G,G3/16L24G
G3/13R26H,G3/14L26H,0,0,G3/15R25F,G3/16L27F,G3/15R25G,G3/16L25G
G3/13R31H,G3/14L31H,G3/13R50H,G3/14L50H,G3/15R26F,G3/16L28F,G3/15R26G,G3/16L26G
G3/13R32H,G3/14L32H,G3/13R51H,G3/14L51H,G3/15R27F,G3/16L29F,G3/15R27G,G3/16L27G
G3/13R33H,G3/14L33H,G3/13R52H,G3/14L52H,G3/15R28F,G3/16L30F,G3/15R28G,G3/16L28G
G3/13R34H,G3/14L34H,G3/13R53H,G3/14L53H,G3/15R29F,G3/16L31F,G3/15R29G,G3/16L29G
G3/13R35H,G3/14L35H,G3/13R54H,G3/14L54H,G3/15R30F,G3/16L32F,G3/15R30G,G3/16L30G
G3/13R36H,G3/14L36H,G3/13R55H,G3/14L55H,G3/15R31F,G3/16L33F,G3/15R31G,G3/16L31G
G3/13R37H,G3/14L37H,G3/13R56H,G3/14L56H,G3/15R32F,G3/16L34F,G3/15R32G,G3/16L32G
G3/13R38H,G3/14L38H,0,0,G3/15R33F,G3/16L35F,G3/15R33G,G3/16L33G
G3/13R39H,G3/14L39H,0,0,G3/15R34F,G3/16L36F,G3/15R34G,G3/16L34G
G3/13R40H,G3/14L40H,0,0,G3/15R35F,G3/16L37F,G3/15R35G,G3/16L35G
G3/13R41H,G3/14L41H,0,0,G3/15R36F,G3/16L38F,G3/15R36G,G3/16L36G
G3/13R42H,G3/14L42H,0,0,G3/15R37F,G3/16L39F,G3/15R37G,G3/16L37G
G3/13R43H,G3/14L43H,0,0,G3/15R38F,G3/16L40F,G3/15R38G,G3/16L38G
G3/13R44H,G3/14L44H,0,0,G3/15R39F,G3/16L41F,G3/15R39G,G3/16L39G
G3/13R45H,G3/14L45H,0,0,G3/15R40F,G3/16L42F,G3/15R40G,G3/16L40G
G3/13R46H,G3/14L46H,0,0,G3/15R41F,G3/16L43F,G3/15R41G,G3/16L41G
G3/13R47H,G3/14L47H,0,0,G3/15R42F,G3/16L44F,G3/15R42G,G3/16L42G
G3/13R48H,G3/14L48H,0,0,G3/15R43F,G3/16L45F,G3/15R43G,G3/16L43G
G3/13R49H,G3/14L49H,0,0,G3/15R44F,G3/16L46F,G3/15R44G,G3/16L44G
G3/12R7H,G3/13L7H,G3/12R1H,G3/13L1H,G3/15R45F,G3/16L47F,G3/15R45G,G3/16L45G
G3/12R8H,G3/13L8H,G3/12R2H,G3/13L2H,G3/15R46F,G3/16L48F,G3/15R46G,G3/16L46G
G3/12R9H,G3/13L9H,G3/12R3H,G3/13L3H,G3/15R47F,G3/16L49F,G3/15R47G,G3/16L47G
G3/12R10H,G3/13L10H,G3/12R4H,G3/13L4H,G3/15R48F,G3/16R49F,G3/15R48G,G3/16L48G
G3/12R11H,G3/13L11H,G3/12R5H,G3/13L5H,G3/15R49F,G3/15R1F,G3/15R49G,G3/16L49G
G3/12R12H,G3/13L12H,G3/12R6H,G3/13L6H,G3/15R51F,G3/15L2F,G3/15R50G,G3/16L50G
G3/12R13H,G3/13L13H,0,0,G3/14R1F,G3/15L3F,G3/14R1G,G3/15L1G
G3/12R14H,G3/13L14H,0,0,G3/14R2F,G3/15L4F,G3/14R2G,G3/15L2G
G3/12R15H,G3/13L15H,0,0,G3/14R3F,G3/15L5F,G3/14R3G,G3/15L3G
G3/12R16H,G3/13L16H,0,0,G3/14R4F,G3/15L6F,G3/14R4G,G3/15L4G
G3/12R17H,G3/13L17H,0,0,G3/14R5F,G3/15L7F,G3/14R5G,G3/15L5G
G3/12R18H,G3/13L18H,0,0,G3/14R6F,G3/15L8F,G3/14R6G,G3/15L6G
G3/12R19H,G3/13L19H,0,0,G3/14R7F,G3/15L9F,G3/14R7G,G3/15L7G
G3/12R20H,G3/13L20H,0,0,G3/14R8F,G3/15L10F,G3/14R8G,G3/15L8G
G3/12R21H,G3/13L21H,0,0,G3/14R9F,G3/15L11F,G3/14R9G,G3/15L9G
G3/12R22H,G3/13L22H,0,0,G3/14R10F,G3/15L12F,G3/14R10G,G3/15L10G
G3/12R23H,G3/13L23H,0,0,G3/14R11F,G3/15L13F,G3/14R11G,G3/15L11G
G3/12R24H,G3/13L24H,0,0,G3/14R12F,G3/15L14F,G3/14R12G,G3/15L12G
G3/12R25H,G3/13L25H,0,0,G3/14R13F,G3/15L15F,G3/14R13G,G3/15L13G
G3/12R26H,G3/13L26H,0,0,G3/14R14F,G3/15L16F,G3/14R14G,G3/15L14G
G3/12R27H,G3/13L27H,0,0,G3/14R15F,G3/15L17F,G3/14R15G,G3/15L15G
G3/12R28H,G3/13L28H,0,0,G3/14R16F,G3/15L18F,G3/14R16G,G3/15L16G
G3/12R33H,G3/13L33H,G3/12R53H,G3/13L53H,G3/14R17F,G3/15L19F,G3/14R17G,G3/15L17G
G3/12R34H,G3/13L34H,G3/12R54H,G3/13L54H,G3/14R18F,G3/15L20F,G3/14R18G,G3/15L18G
G3/12R35H,G3/13L35H,G3/12R55H,G3/13L55H,G3/14R19F,G3/15L21F,G3/14R19G,G3/15L19G
G3/12R36H,G3/13L36H,G3/12R56H,G3/13L56H,G3/14R20F,G3/15L22F,G3/14R20G,G3/15L20G
G3/12R37H,G3/13L37H,G3/12R57H,G3/13L57H,G3/14R21F,G3/15L23F,G3/14R21G,G3/15L21G
G3/12R38H,G3/13L38H,G3/12R58H,G3/13L58H,G3/14R22F,G3/15L24F,G3/14R22G,G3/15L22G
G3/12R39H,G3/13L39H,G3/12R59H,G3/13L59H,G3/14R23F,G3/15L25F,G3/14R23G,G3/15L23G
G3/12R40H,G3/13L40H,G3/12R60H,G3/13L60H,G3/14R24F,G3/15L26F,G3/14R24G,G3/15L24G
G3/12R41H,G3/13L41H,0,0,G3/14R25F,G3/15L27F,G3/14R25G,G3/15L25G
G3/12R42H,G3/13L42H,0,0,G3/14R26F,G3/15L28F,G3/14R26G,G3/15L26G
G3/12R43H,G3/13L43H,0,0,G3/14R27F,G3/15L29F,G3/14R27G,G3/15L27G
G3/12R44H,G3/13L44H,0,0,G3/14R28F,G3/15L30F,G3/14R28G,G3/15L28G
G3/12R45H,G3/13L45H,0,0,G3/14R29F,G3/15L31F,G3/14R29G,G3/15L29G
G3/12R46H,G3/13L46H,0,0,G3/14R30F,G3/15L32F,G3/14R30G,G3/15L30G
G3/12R47H,G3/13L47H,0,0,G3/14R31F,G3/15L33F,G3/14R31G,G3/15L31G
G3/12R48H,G3/13L48H,0,0,G3/14R32F,G3/15L34F,G3/14R32G,G3/15L32G
G3/12R49H,G3/13L49H,0,0,G3/14R33F,G3/15L35F,G3/14R33G,G3/15L33G
G3/12R50H,G3/13L50H,0,0,G3/14R34F,G3/15L36F,G3/14R34G,G3/15L34G
G3/12R51H,G3/13L51H,0,0,G3/14R35F,G3/15L37F,G3/14R35G,G3/15L35G
G3/12R52H,G3/13L52H,0,0,G3/14R36F,G3/15L38F,G3/14R36G,G3/15L36G
G3/11R8H,G3/12L8H,G3/11R1H,G3/12L1H,G3/14R37F,G3/15L39F,G3/14R37G,G3/15L37G
G3/11R9H,G3/12L9H,G3/11R2H,G3/12L2H,G3/14R38F,G3/15L40F,G3/14R38G,G3/15L38G
G3/11R10H,G3/12L10H,G3/11R3H,G3/12L3H,G3/14R39F,G3/15L41F,G3/14R39G,G3/15L39G
G3/11R11H,G3/12L11H,G3/11R4H,G3/12L4H,G3/14R40F,G3/15L42F,G3/14R40G,G3/15L40G
G3/11R12H,G3/12L12H,G3/11R5H,G3/12L5H,G3/14R41F,G3/15L43F,G3/14R41G,G3/15L41G
G3/11R13H,G3/12L13H,G3/11R6H,G3/12L6H,G3/14R42F,G3/15L44F,G3/14R42G,G3/15L42G
G3/11R14H,G3/12L14H,G3/11R7H,G3/12L7H,G3/14R43F,G3/15L45F,G3/14R43G,G3/15L43G
G3/11R15H,G3/12L15H,0,0,G3/14R44F,G3/15L46F,G3/14R44G,G3/15L44G
G3/11R16H,G3/12L16H,0,0,G3/14R45F,G3/15L47F,G3/14R45G,G3/15L45G
G3/11R17H,G3/12L17H,0,0,G3/14R46F,G3/15L48F,G3/14R46G,G3/15L46G
G3/11R18H,G3/12L18H,0,0,G3/14R47F,G3/15L49F,G3/14R47G,G3/15L47G
G3/11R19H,G3/12L19H,0,0,G3/14R48F,G3/15L50F,G3/14R48G,G3/15L48G
G3/11R20H,G3/12L20H,0,0,G3/14R49F,G3/15L51F,G3/14R49G,G3/15L49G
G3/11R21H,G3/12L21H,0,0,G3/14R50F,G3/15L52F,G3/14R50G,G3/15L50G
G3/11R22H,G3/12L22H,0,0,G3/14R51F,G3/15L53F,G3/14R51G,G3/15L51G
G3/11R23H,G3/12L23H,0,0,G3/14R52F,G3/15R51F,G3/14R52G,G3/15L52G
G3/11R24H,G3/12L24H,0,0,G3/14R53F,G3/14R1F,G3/14R53G,G3/15L53G
G3/11R25H,G3/12L25H,0,0,G3/14R55F,G3/14L2F,G3/14R54G,G3/15L54G
G3/11R26H,G3/12L26H,0,0,G3/13R1F,G3/14L3F,G3/13R1G,G3/14L1G
G3/11R27H,G3/12L27H,0,0,G3/13R2F,G3/14L4F,G3/13R2G,G3/14L2G
G3/11R28H,G3/12L28H,0,0,G3/13R3F,G3/14L5F,G3/13R3G,G3/14L3G
G3/11R29H,G3/12L29H,0,0,G3/13R4F,G3/14L6F,G3/13R4G,G3/14L4G
G3/11R34H,G3/12L34H,G3/11R55H,G3/12L55H,G3/13R5F,G3/14L7F,G3/13R5G,G3/14L5G
G3/11R35H,G3/12L35H,G3/11R56H,G3/12L56H,G3/13R6F,G3/14L8F,G3/13R6G,G3/14L6G
G3/11R36H,G3/12L36H,G3/11R57H,G3/12L57H,G3/13R7F,G3/14L9F,G3/13R7G,G3/14L7G
G3/11R37H,G3/12L37H,G3/11R58H,G3/12L58H,G3/13R8F,G3/14L10F,G3/13R8G,G3/14L8G
G3/11R38H,G3/12L38H,G3/11R59H,G3/12L59H,G3/13R9F,G3/14L11F,G3/13R9G,G3/14L9G
G3/11R39H,G3/12L39H,G3/11R60H,G3/12L60H,G3/13R10F,G3/14L12F,G3/13R10G,G3/14L10G
G3/11R40H,G3/12L40H,G3/11R61H,G3/12L61H,G3/13R11F,G3/14L13F,G3/13R11G,G3/14L11G
G3/11R41H,G3/12L41H,G3/11R62H,G3/12L62H,G3/13R12F,G3/14L14F,G3/13R12G,G3/14L12G
G3/11R42H,G3/12L42H,0,0,G3/13R13F,G3/14L15F,G3/13R13G,G3/14L13G
G3/11R43H,G3/12L43H,0,0,G3/13R14F,G3/14L16F,G3/13R14G,G3/14L14G
G3/11R44H,G3/12L44H,0,0,G3/13R15F,G3/14L17F,G3/13R15G,G3/14L15G
G3/11R45H,G3/12L45H,0,0,G3/13R16F,G3/14L18F,G3/13R16G,G3/14L16G
G3/11R46H,G3/12L46H,0,0,G3/13R17F,G3/14L19F,G3/13R17G,G3/14L17G
G3/11R47H,G3/12L47H,0,0,G3/13R18F,G3/14L20F,G3/13R18G,G3/14L18G
G3/11R48H,G3/12L48H,0,0,G3/13R19F,G3/14L21F,G3/13R19G,G3/14L19G
G3/11R49H,G3/12L49H,0,0,G3/13R20F,G3/14L22F,G3/13R20G,G3/14L20G
G3/11R50H,G3/12L50H,0,0,G3/13R21F,G3/14L23F,G3/13R21G,G3/14L21G
G3/11R51H,G3/12L51H,0,0,G3/13R22F,G3/14L24F,G3/13R22G,G3/14L22G
G3/11R52H,G3/12L52H,0,0,G3/13R23F,G3/14L25F,G3/13R23G,G3/14L23G
G3/11R53H,G3/12L53H,0,0,G3/13R24F,G3/14L26F,G3/13R24G,G3/14L24G
G3/11R54H,G3/12L54H,0,0,G3/13R25F,G3/14L27F,G3/13R25G,G3/14L25G
G3/9R8H,G3/11L8H,G3/9R1H,G3/11L1H,G3/13R26F,G3/14L28F,G3/13R26G,G3/14L26G
G3/9R9H,G3/11L9H,G3/9R2H,G3/11L2H,G3/13R27F,G3/14L29F,G3/13R27G,G3/14L27G
G3/9R10H,G3/11L10H,G3/9R3H,G3/11L3H,G3/13R28F,G3/14L30F,G3/13R28G,G3/14L28G
G3/9R11H,G3/11L11H,G3/9R4H,G3/11L4H,G3/13R29F,G3/14L31F,G3/13R29G,G3/14L29G
G3/9R12H,G3/11L12H,G3/9R5H,G3/11L5H,G3/13R30F,G3/14L32F,G3/13R30G,G3/14L30G
G3/9R13H,G3/11L13H,G3/9R6H,G3/11L6H,G3/13R31F,G3/14L33F,G3/13R31G,G3/14L31G
G3/9R14H,G3/11L14H,G3/9R7H,G3/11L7H,G3/13R32F,G3/14L34F,G3/13R32G,G3/14L32G
G3/9R15H,G3/11L15H,0,0,G3/13R33F,G3/14L35F,G3/13R33G,G3/14L33G
G3/9R16H,G3/11L16H,0,0,G3/13R34F,G3/14L36F,G3/13R34G,G3/14L34G
G3/9R17H,G3/11L17H,0,0,G3/13R35F,G3/14L37F,G3/13R35G,G3/14L35G
G3/9R18H,G3/11L18H,0,0,G3/13R36F,G3/14L38F,G3/13R36G,G3/14L36G
G3/9R19H,G3/11L19H,0,0,G3/13R37F,G3/14L39F,G3/13R37G,G3/14L37G
G3/9R20H,G3/11L20H,0,0,G3/13R38F,G3/14L40F,G3/13R38G,G3/14L38G
G3/9R21H,G3/11L21H,0,0,G3/13R39F,G3/14L41F,G3/13R39G,G3/14L39G
G3/9R22H,G3/11L22H,0,0,G3/13R40F,G3/14L42F,G3/13R40G,G3/14L40G
G3/9R23H,G3/11L23H,0,0,G3/13R41F,G3/14L43F,G3/13R41G,G3/14L41G
G3/9R24H,G3/11L24H,0,0,G3/13R42F,G3/14L44F,G3/13R42G,G3/14L42G
G3/9R25H,G3/11L25H,0,0,G3/13R43F,G3/14L45F,G3/13R43G,G3/14L43G
G3/9R26H,G3/11L26H,0,0,G3/13R44F,G3/14L46F,G3/13R44G,G3/14L44G
G3/9R27H,G3/11L27H,0,0,G3/13R45F,G3/14L47F,G3/13R45G,G3/14L45G
G3/9R28H,G3/11L28H,0,0,G3/13R46F,G3/14L48F,G3/13R46G,G3/14L46G
G3/9R29H,G3/11L29H,0,0,G3/13R47F,G3/14L49F,G3/13R47G,G3/14L47G
G3/9R30H,G3/11L30H,0,0,G3/13R48F,G3/14L50F,G3/13R48G,G3/14L48G
G3/9R31H,G3/11L31H,0,0,G3/13R49F,G3/14L51F,G3/13R49G,G3/14L49G
G3/9R36H,G3/11L36H,G3/9R59H,G3/11L59H,G3/13R50F,G3/14L52F,G3/13R50G,G3/14L50G
G3/9R37H,G3/11L37H,G3/9R60H,G3/11L60H,G3/13R51F,G3/14L53F,G3/13R51G,G3/14L51G
G3/9R38H,G3/11L38H,G3/9R61H,G3/11L61H,G3/13R52F,G3/14L54F,G3/13R52G,G3/14L52G
G3/9R39H,G3/11L39H,G3/9R62H,G3/11L62H,G3/13R53F,G3/14L55F,G3/13R53G,G3/14L53G
G3/9R40H,G3/11L40H,G3/9R63H,G3/11L63H,G3/13R54F,G3/14R55F,G3/13R54G,G3/14L54G
G3/9R41H,G3/11L41H,G3/9R64H,G3/11L64H,G3/13R55F,G3/13R1F,G3/13R55G,G3/14L55G
G3/9R42H,G3/11L42H,G3/9R65H,G3/11L65H,G3/13R57F,G3/13L2F,G3/13R56G,G3/14L56G
G3/9R43H,G3/11L43H,G3/9R66H,G3/11L66H,G3/12R1F,G3/13L3F,G3/12R1G,G3/13L1G
G3/9R44H,G3/11L44H,0,0,G3/12R2F,G3/13L4F,G3/12R2G,G3/13L2G
G3/9R45H,G3/11L45H,0,0,G3/12R3F,G3/13L5F,G3/12R3G,G3/13L3G
G3/9R46H,G3/11L46H,0,0,G3/12R4F,G3/13L6F,G3/12R4G,G3/13L4G
G3/9R47H,G3/11L47H,0,0,G3/12R5F,G3/13L7F,G3/12R5G,G3/13L5G
G3/9R48H,G3/11L48H,0,0,G3/12R6F,G3/13L8F,G3/12R6G,G3/13L6G
G3/9R49H,G3/11L49H,0,0,G3/12R7F,G3/13L9F,G3/12R7G,G3/13L7G
G3/9R50H,G3/11L50H,0,0,G3/12R8F,G3/13L10F,G3/12R8G,G3/13L8G
G3/9R51H,G3/11L51H,0,0,G3/12R9F,G3/13L11F,G3/12R9G,G3/13L9G
G3/9R52H,G3/11L52H,0,0,G3/12R10F,G3/13L12F,G3/12R10G,G3/13L10G
G3/9R53H,G3/11L53H,0,0,G3/12R11F,G3/13L13F,G3/12R11G,G3/13L11G
G3/9R54H,G3/11L54H,0,0,G3/12R12F,G3/13L14F,G3/12R12G,G3/13L12G
G3/9R55H,G3/11L55H,0,0,G3/12R13F,G3/13L15F,G3/12R13G,G3/13L13G
G3/9R56H,G3/11L56H,0,0,G3/12R14F,G3/13L16F,G3/12R14G,G3/13L14G
G3/9R57H,G3/11L57H,0,0,G3/12R15F,G3/13L17F,G3/12R15G,G3/13L15G
G3/9R58H,G3/11L58H,0,0,G3/12R16F,G3/13L18F,G3/12R16G,G3/13L16G
G3/7R8H,G3/9L8H,G3/7R1H,G3/9L1H,G3/12R17F,G3/13L19F,G3/12R17G,G3/13L17G
G3/7R9H,G3/9L9H,G3/7R2H,G3/9L2H,G3/12R18F,G3/13L20F,G3/12R18G,G3/13L18G
G3/7R10H,G3/9L10H,G3/7R3H,G3/9L3H,G3/12R19F,G3/13L21F,G3/12R19G,G3/13L19G
G3/7R11H,G3/9L11H,G3/7R4H,G3/9L4H,G3/12R20F,G3/13L22F,G3/12R20G,G3/13L20G
G3/7R12H,G3/9L12H,G3/7R5H,G3/9L5H,G3/12R21F,G3/13L23F,G3/12R21G,G3/13L21G
G3/7R13H,G3/9L13H,G3/7R6H,G3/9L6H,G3/12R22F,G3/13L24F,G3/12R22G,G3/13L22G
G3/7R14H,G3/9L14H,G3/7R7H,G3/9L7H,G3/12R23F,G3/13L25F,G3/12R23G,G3/13L23G
G3/7R15H,G3/9L15H,0,0,G3/12R24F,G3/13L26F,G3/12R24G,G3/13L24G
G3/7R16H,G3/9L16H,0,0,G3/12R25F,G3/13L27F,G3/12R25G,G3/13L25G
G3/7R17H,G3/9L17H,0,0,G3/12R26F,G3/13L28F,G3/12R26G,G3/13L26G
G3/7R18H,G3/9L18H,0,0,G3/12R27F,G3/13L29F,G3/12R27G,G3/13L27G
G3/7R19H,G3/9L19H,0,0,G3/12R28F,G3/13L30F,G3/12R28G,G3/13L28G
G3/7R20H,G3/9L20H,0,0,G3/12R29F,G3/13L31F,G3/12R29G,G3/13L29G
G3/7R21H,G3/9L21H,0,0,G3/12R30F,G3/13L32F,G3/12R30G,G3/13L30G
G3/7R22H,G3/9L22H,0,0,G3/12R31F,G3/13L33F,G3/12R31G,G3/13L31G
G3/7R23H,G3/9L23H,0,0,G3/12R32F,G3/13L34F,G3/12R32G,G3/13L32G
G3/7R24H,G3/9L24H,0,0,G3/12R33F,G3/13L35F,G3/12R33G,G3/13L33G
G3/7R25H,G3/9L25H,0,0,G3/12R34F,G3/13L36F,G3/12R34G,G3/13L34G
G3/7R26H,G3/9L26H,0,0,G3/12R35F,G3/13L37F,G3/12R35G,G3/13L35G
G3/7R27H,G3/9L27H,0,0,G3/12R36F,G3/13L38F,G3/12R36G,G3/13L36G
G3/7R28H,G3/9L28H,0,0,G3/12R37F,G3/13L39F,G3/12R37G,G3/13L37G
G3/7R29H,G3/9L29H,0,0,G3/12R38F,G3/13L40F,G3/12R38G,G3/13L38G
G3/7R30H,G3/9L30H,0,0,G3/12R39F,G3/13L41F,G3/12R39G,G3/13L39G
G3/7R31H,G3/9L31H,0,0,G3/12R40F,G3/13L42F,G3/12R40G,G3/13L40G
G3/7R32H,G3/9L32H,0,0,G3/12R41F,G3/13L43F,G3/12R41G,G3/13L41G
G3/7R37H,G3/9L37H,G3/7R61H,G3/9L61H,G3/12R42F,G3/13L44F,G3/12R42G,G3/13L42G
G3/7R38H,G3/9L38H,G3/7R62H,G3/9L62H,G3/12R43F,G3/13L45F,G3/12R43G,G3/13L43G
G3/7R39H,G3/9L39H,G3/7R63H,G3/9L63H,G3/12R44F,G3/13L46F,G3/12R44G,G3/13L44G
G3/7R40H,G3/9L40H,G3/7R64H,G3/9L64H,G3/12R45F,G3/13L47F,G3/12R45G,G3/13L45G
G3/7R41H,G3/9L41H,G3/7R65H,G3/9L65H,G3/12R46F,G3/13L48F,G3/12R46G,G3/13L46G
G3/7R42H,G3/9L42H,G3/7R66H,G3/9L66H,G3/12R47F,G3/13L49F,G3/12R47G,G3/13L47G
G3/7R43H,G3/9L43H,G3/7R67H,G3/9L67H,G3/12R48F,G3/13L50F,G3/12R48G,G3/13L48G
G3/7R44H,G3/9L44H,G3/7R68H,G3/9L68H,G3/12R49F,G3/13L51F,G3/12R49G,G3/13L49G
G3/7R45H,G3/9L45H,0,0,G3/12R50F,G3/13L52F,G3/12R50G,G3/13L50G
G3/7R46H,G3/9L46H,0,0,G3/12R51F,G3/13L53F,G3/12R51G,G3/13L51G
G3/7R47H,G3/9L47H,0,0,G3/12R52F,G3/13L54F,G3/12R52G,G3/13L52G
G3/7R48H,G3/9L48H,0,0,G3/12R53F,G3/13L55F,G3/12R53G,G3/13L53G
G3/7R49H,G3/9L49H,0,0,G3/12R54F,G3/13L56F,G3/12R54G,G3/13L54G
G3/7R50H,G3/9L50H,0,0,G3/12R55F,G3/13L57F,G3/12R55G,G3/13L55G
G3/7R51H,G3/9L51H,0,0,G3/12R56F,G3/13L58F,G3/12R56G,G3/13L56G
G3/7R52H,G3/9L52H,0,0,G3/12R57F,G3/13L59F,G3/12R57G,G3/13L57G
G3/7R53H,G3/9L53H,0,0,G3/12R58F,G3/13R57F,G3/12R58G,G3/13L58G
G3/7R54H,G3/9L54H,0,0,G3/12R59F,G3/12R1F,G3/12R59G,G3/13L59G
G3/7R55H,G3/9L55H,0,0,G3/12R61F,G3/12L2F,G3/12R60G,G3/13L60G
G3/7R56H,G3/9L56H,0,0,G3/11R1F,G3/12L3F,G3/11R1G,G3/12L1G
G3/7R57H,G3/9L57H,0,0,G3/11R2F,G3/12L4F,G3/11R2G,G3/12L2G
G3/7R58H,G3/9L58H,0,0,G3/11R3F,G3/12L5F,G3/11R3G,G3/12L3G
G3/7R59H,G3/9L59H,0,0,G3/11R4F,G3/12L6F,G3/11R4G,G3/12L4G
G3/7R60H,G3/9L60H,0,0,G3/11R5F,G3/12L7F,G3/11R5G,G3/12L5G
G3/6R9H,G3/7L9H,G3/6R1H,G3/7L1H,G3/11R6F,G3/12L8F,G3/11R6G,G3/12L6G
G3/6R10H,G3/7L10H,G3/6R2H,G3/7L2H,G3/11R7F,G3/12L9F,G3/11R7G,G3/12L7G
G3/6R11H,G3/7L11H,G3/6R3H,G3/7L3H,G3/11R8F,G3/12L10F,G3/11R8G,G3/12L8G
G3/6R12H,G3/7L12H,G3/6R4H,G3/7L4H,G3/11R9F,G3/12L11F,G3/11R9G,G3/12L9G
G3/6R13H,G3/7L13H,G3/6R5H,G3/7L5H,G3/11R10F,G3/12L12F,G3/11R10G,G3/12L10G
G3/6R14H,G3/7L14H,G3/6R6H,G3/7L6H,G3/11R11F,G3/12L13F,G3/11R11G,G3/12L11G
G3/6R15H,G3/7L15H,G3/6R7H,G3/7L7H,G3/11R12F,G3/12L14F,G3/11R12G,G3/12L12G
G3/6R16H,G3/7L16H,G3/6R8H,G3/7L8H,G3/11R13F,G3/12L15F,G3/11R13G,G3/12L13G
G3/6R17H,G3/7L17H,0,0,G3/11R14F,G3/12L16F,G3/11R14G,G3/12L14G
G3/6R18H,G3/7L18H,0,0,G3/11R15F,G3/12L17F,G3/11R15G,G3/12L15G
G3/6R19H,G3/7L19H,0,0,G3/11R16F,G3/12L18F,G3/11R16G,G3/12L16G
G3/6R20H,G3/7L20H,0,0,G3/11R17F,G3/12L19F,G3/11R17G,G3/12L17G
G3/6R21H,G3/7L21H,0,0,G3/11R18F,G3/12L20F,G3/11R18G,G3/12L18G
G3/6R22H,G3/7L22H,0,0,G3/11R19F,G3/12L21F,G3/11R19G,G3/12L19G
G3/6R23H,G3/7L23H,0,0,G3/11R20F,G3/12L22F,G3/11R20G,G3/12L20G
G3/6R24H,G3/7L24H,0,0,G3/11R21F,G3/12L23F,G3/11R21G,G3/12L21G
G3/6R25H,G3/7L25H,0,0,G3/11R22F,G3/12L24F,G3/11R22G,G3/12L22G
G3/6R26H,G3/7L26H,0,0,G3/11R23F,G3/12L25F,G3/11R23G,G3/12L23G
G3/6R27H,G3/7L27H,0,0,G3/11R24F,G3/12L26F,G3/11R24G,G3/12L24G
G3/6R28H,G3/7L28H,0,0,G3/11R25F,G3/12L27F,G3/11R25G,G3/12L25G
G3/6R29H,G3/7L29H,0,0,G3/11R26F,G3/12L28F,G3/11R26G,G3/12L26G
G3/6R30H,G3/7L30H,0,0,G3/11R27F,G3/12L29F,G3/11R27G,G3/12L27G
G3/6R31H,G3/7L31H,0,0,G3/11R28F,G3/12L30F,G3/11R28G,G3/12L28G
G3/6R32H,G3/7L32H,0,0,G3/11R29F,G3/12L31F,G3/11R29G,G3/12L29G
G3/6R33H,G3/7L33H,0,0,G3/11R30F,G3/12L32F,G3/11R30G,G3/12L30G
G3/6R34H,G3/7L34H,0,0,G3/11R31F,G3/12L33F,G3/11R31G,G3/12L31G
G3/6R35H,G3/7L35H,0,0,G3/11R32F,G3/12L34F,G3/11R32G,G3/12L32G
G3/6R36H,G3/7L36H,0,0,G3/11R33F,G3/12L35F,G3/11R33G,G3/12L33G
G3/6R37H,G3/7L37H,G3/6R65H,G3/7L65H,G3/11R34F,G3/12L36F,G3/11R34G,G3/12L34G
G3/6R38H,G3/7L38H,G3/6R66H,G3/7L66H,G3/11R35F,G3/12L37F,G3/11R35G,G3/12L35G
G3/6R39H,G3/7L39H,G3/6R67H,G3/7L67H,G3/11R36F,G3/12L38F,G3/11R36G,G3/12L36G
G3/6R40H,G3/7L40H,G3/6R68H,G3/7L68H,G3/11R37F,G3/12L39F,G3/11R37G,G3/12L37G
G3/6R41H,G3/7L41H,G3/6R69H,G3/7L69H,G3/11R38F,G3/12L40F,G3/11R38G,G3/12L38G
G3/6R42H,G3/7L42H,G3/6R70H,G3/7L70H,G3/11R39F,G3/12L41F,G3/11R39G,G3/12L39G
G3/6R43H,G3/7L43H,G3/6R71H,G3/7L71H,G3/11R40F,G3/12L42F,G3/11R40G,G3/12L40G
G3/6R44H,G3/7L44H,G3/6R72H,G3/7L72H,G3/11R41F,G3/12L43F,G3/11R41G,G3/12L41G
G3/6R45H,G3/7L45H,0,0,G3/11R42F,G3/12L44F,G3/11R42G,G3/12L42G
G3/6R46H,G3/7L46H,0,0,G3/11R43F,G3/12L45F,G3/11R43G,G3/12L43G
G3/6R47H,G3/7L47H,0,0,G3/11R44F,G3/12L46F,G3/11R44G,G3/12L44G
G3/6R48H,G3/7L48H,0,0,G3/11R45F,G3/12L47F,G3/11R45G,G3/12L45G
G3/6R49H,G3/7L49H,0,0,G3/11R46F,G3/12L48F,G3/11R46G,G3/12L46G
G3/6R50H,G3/7L50H,0,0,G3/11R47F,G3/12L49F,G3/11R47G,G3/12L47G
G3/6R51H,G3/7L51H,0,0,G3/11R48F,G3/12L50F,G3/11R48G,G3/12L48G
G3/6R52H,G3/7L52H,0,0,G3/11R49F,G3/12L51F,G3/11R49G,G3/12L49G
G3/6R53H,G3/7L53H,0,0,G3/11R50F,G3/12L52F,G3/11R50G,G3/12L50G
G3/6R54H,G3/7L54H,0,0,G3/11R51F,G3/12L53F,G3/11R51G,G3/12L51G
G3/6R55H,G3/7L55H,0,0,G3/11R52F,G3/12L54F,G3/11R52G,G3/12L52G
G3/6R56H,G3/7L56H,0,0,G3/11R53F,G3/12L55F,G3/11R53G,G3/12L53G
G3/6R57H,G3/7L57H,0,0,G3/11R54F,G3/12L56F,G3/11R54G,G3/12L54G
G3/6R58H,G3/7L58H,0,0,G3/11R55F,G3/12L57F,G3/11R55G,G3/12L55G
G3/6R59H,G3/7L59H,0,0,G3/11R56F,G3/12L58F,G3/11R56G,G3/12L56G
G3/6R60H,G3/7L60H,0,0,G3/11R57F,G3/12L59F,G3/11R57G,G3/12L57G
G3/6R61H,G3/7L61H,0,0,G3/11R58F,G3/12L60F,G3/11R58G,G3/12L58G
G3/6R62H,G3/7L62H,0,0,G3/11R59F,G3/12L61F,G3/11R59G,G3/12L59G
G3/6R63H,G3/7L63H,0,0,G3/11R60F,G3/12R61F,G3/11R60G,G3/12L60G
G3/6R64H,G3/7L64H,0,0,G3/11R61F,G3/11R1F,G3/11R61G,G3/12L61G
说明,补充说明,,,G3/11R63F,G3/11L2F,G3/11R62G,G3/12L62G
,,,,G3/9R1F,G3/11L3F,G3/9R1G,G3/11L1G
,,,,G3/9R2F,G3/11L4F,G3/9R2G,G3/11L2G
,,,,G3/9R3F,G3/11L5F,G3/9R3G,G3/11L3G
,,,,G3/9R4F,G3/11L6F,G3/9R4G,G3/11L4G
,,,,G3/9R5F,G3/11L7F,G3/9R5G,G3/11L5G
,,,,G3/9R6F,G3/11L8F,G3/9R6G,G3/11L6G
,,,,G3/9R7F,G3/11L9F,G3/9R7G,G3/11L7G
,,,,G3/9R8F,G3/11L10F,G3/9R8G,G3/11L8G
,,,,G3/9R9F,G3/11L11F,G3/9R9G,G3/11L9G
,,,,G3/9R10F,G3/11L12F,G3/9R10G,G3/11L10G
,,,,G3/9R11F,G3/11L13F,G3/9R11G,G3/11L11G
,,,,G3/9R12F,G3/11L14F,G3/9R12G,G3/11L12G
,,,,G3/9R13F,G3/11L15F,G3/9R13G,G3/11L13G
,,,,G3/9R14F,G3/11L16F,G3/9R14G,G3/11L14G
,,,,G3/9R15F,G3/11L17F,G3/9R15G,G3/11L15G
,,,,G3/9R16F,G3/11L18F,G3/9R16G,G3/11L16G
,,,,G3/9R17F,G3/11L19F,G3/9R17G,G3/11L17G
,,,,G3/9R18F,G3/11L20F,G3/9R18G,G3/11L18G
,,,,G3/9R19F,G3/11L21F,G3/9R19G,G3/11L19G
,,,,G3/9R20F,G3/11L22F,G3/9R20G,G3/11L20G
,,,,G3/9R21F,G3/11L23F,G3/9R21G,G3/11L21G
,,,,G3/9R22F,G3/11L24F,G3/9R22G,G3/11L22G
,,,,G3/9R23F,G3/11L25F,G3/9R23G,G3/11L23G
,,,,G3/9R24F,G3/11L26F,G3/9R24G,G3/11L24G
,,,,G3/9R25F,G3/11L27F,G3/9R25G,G3/11L25G
,,,,G3/9R26F,G3/11L28F,G3/9R26G,G3/11L26G
,,,,G3/9R27F,G3/11L29F,G3/9R27G,G3/11L27G
,,,,G3/9R28F,G3/11L30F,G3/9R28G,G3/11L28G
,,,,G3/9R29F,G3/11L31F,G3/9R29G,G3/11L29G
,,,,G3/9R30F,G3/11L32F,G3/9R30G,G3/11L30G
,,,,G3/9R31F,G3/11L33F,G3/9R31G,G3/11L31G
,,,,G3/9R32F,G3/11L34F,G3/9R32G,G3/11L32G
,,,,G3/9R33F,G3/11L35F,G3/9R33G,G3/11L33G
,,,,G3/9R34F,G3/11L36F,G3/9R34G,G3/11L34G
,,,,G3/9R35F,G3/11L37F,G3/9R35G,G3/11L35G
,,,,G3/9R36F,G3/11L38F,G3/9R36G,G3/11L36G
,,,,G3/9R37F,G3/11L39F,G3/9R37G,G3/11L37G
,,,,G3/9R38F,G3/11L40F,G3/9R38G,G3/11L38G
,,,,G3/9R39F,G3/11L41F,G3/9R39G,G3/11L39G
,,,,G3/9R40F,G3/11L42F,G3/9R40G,G3/11L40G
,,,,G3/9R41F,G3/11L43F,G3/9R41G,G3/11L41G
,,,,G3/9R42F,G3/11L44F,G3/9R42G,G3/11L42G
,,,,G3/9R43F,G3/11L45F,G3/9R43G,G3/11L43G
,,,,G3/9R44F,G3/11L46F,G3/9R44G,G3/11L44G
,,,,G3/9R45F,G3/11L47F,G3/9R45G,G3/11L45G
,,,,G3/9R46F,G3/11L48F,G3/9R46G,G3/11L46G
,,,,G3/9R47F,G3/11L49F,G3/9R47G,G3/11L47G
,,,,G3/9R48F,G3/11L50F,G3/9R48G,G3/11L48G
,,,,G3/9R49F,G3/11L51F,G3/9R49G,G3/11L49G
,,,,G3/9R50F,G3/11L52F,G3/9R50G,G3/11L50G
,,,,G3/9R51F,G3/11L53F,G3/9R51G,G3/11L51G
,,,,G3/9R52F,G3/11L54F,G3/9R52G,G3/11L52G
,,,,G3/9R53F,G3/11L55F,G3/9R53G,G3/11L53G
,,,,G3/9R54F,G3/11L56F,G3/9R54G,G3/11L54G
,,,,G3/9R55F,G3/11L57F,G3/9R55G,G3/11L55G
,,,,G3/9R56F,G3/11L58F,G3/9R56G,G3/11L56G
,,,,G3/9R57F,G3/11L59F,G3/9R57G,G3/11L57G
,,,,G3/9R58F,G3/11L60F,G3/9R58G,G3/11L58G
,,,,G3/9R59F,G3/11L61F,G3/9R59G,G3/11L59G
,,,,G3/9R60F,G3/11L62F,G3/9R60G,G3/11L60G
,,,,G3/9R61F,G3/11L63F,G3/9R61G,G3/11L61G
,,,,G3/9R62F,G3/11L64F,G3/9R62G,G3/11L62G
,,,,G3/9R63F,G3/11L65F,G3/9R63G,G3/11L63G
,,,,G3/9R64F,G3/11R63F,G3/9R64G,G3/11L64G
,,,,G3/9R65F,G3/9R1F,G3/9R65G,G3/11L65G
,,,,G3/9R67F,G3/9L2F,G3/9R66G,G3/11L66G
,,,,G3/7R1F,G3/9L3F,G3/7R1G,G3/9L1G
,,,,G3/7R2F,G3/9L4F,G3/7R2G,G3/9L2G
,,,,G3/7R3F,G3/9L5F,G3/7R3G,G3/9L3G
,,,,G3/7R4F,G3/9L6F,G3/7R4G,G3/9L4G
,,,,G3/7R5F,G3/9L7F,G3/7R5G,G3/9L5G
,,,,G3/7R6F,G3/9L8F,G3/7R6G,G3/9L6G
,,,,G3/7R7F,G3/9L9F,G3/7R7G,G3/9L7G
,,,,G3/7R8F,G3/9L10F,G3/7R8G,G3/9L8G
,,,,G3/7R9F,G3/9L11F,G3/7R9G,G3/9L9G
,,,,G3/7R10F,G3/9L12F,G3/7R10G,G3/9L10G
,,,,G3/7R11F,G3/9L13F,G3/7R11G,G3/9L11G
,,,,G3/7R12F,G3/9L14F,G3/7R12G,G3/9L12G
,,,,G3/7R13F,G3/9L15F,G3/7R13G,G3/9L13G
,,,,G3/7R14F,G3/9L16F,G3/7R14G,G3/9L14G
,,,,G3/7R15F,G3/9L17F,G3/7R15G,G3/9L15G
,,,,G3/7R16F,G3/9L18F,G3/7R16G,G3/9L16G
,,,,G3/7R17F,G3/9L19F,G3/7R17G,G3/9L17G
,,,,G3/7R18F,G3/9L20F,G3/7R18G,G3/9L18G
,,,,G3/7R19F,G3/9L21F,G3/7R19G,G3/9L19G
,,,,G3/7R20F,G3/9L22F,G3/7R20G,G3/9L20G
,,,,G3/7R21F,G3/9L23F,G3/7R21G,G3/9L21G
,,,,G3/7R22F,G3/9L24F,G3/7R22G,G3/9L22G
,,,,G3/7R23F,G3/9L25F,G3/7R23G,G3/9L23G
,,,,G3/7R24F,G3/9L26F,G3/7R24G,G3/9L24G
,,,,G3/7R25F,G3/9L27F,G3/7R25G,G3/9L25G
,,,,G3/7R26F,G3/9L28F,G3/7R26G,G3/9L26G
,,,,G3/7R27F,G3/9L29F,G3/7R27G,G3/9L27G
,,,,G3/7R28F,G3/9L30F,G3/7R28G,G3/9L28G
,,,,G3/7R29F,G3/9L31F,G3/7R29G,G3/9L29G
,,,,G3/7R30F,G3/9L32F,G3/7R30G,G3/9L30G
,,,,G3/7R31F,G3/9L33F,G3/7R31G,G3/9L31G
,,,,G3/7R32F,G3/9L34F,G3/7R32G,G3/9L32G
,,,,G3/7R33F,G3/9L35F,G3/7R33G,G3/9L33G
,,,,G3/7R34F,G3/9L36F,G3/7R34G,G3/9L34G
,,,,G3/7R35F,G3/9L37F,G3/7R35G,G3/9L35G
,,,,G3/7R36F,G3/9L38F,G3/7R36G,G3/9L36G
,,,,G3/7R37F,G3/9L39F,G3/7R37G,G3/9L37G
,,,,G3/7R38F,G3/9L40F,G3/7R38G,G3/9L38G
,,,,G3/7R39F,G3/9L41F,G3/7R39G,G3/9L39G
,,,,G3/7R40F,G3/9L42F,G3/7R40G,G3/9L40G
,,,,G3/7R41F,G3/9L43F,G3/7R41G,G3/9L41G
,,,,G3/7R42F,G3/9L44F,G3/7R42G,G3/9L42G
,,,,G3/7R43F,G3/9L45F,G3/7R43G,G3/9L43G
,,,,G3/7R44F,G3/9L46F,G3/7R44G,G3/9L44G
,,,,G3/7R45F,G3/9L47F,G3/7R45G,G3/9L45G
,,,,G3/7R46F,G3/9L48F,G3/7R46G,G3/9L46G
,,,,G3/7R47F,G3/9L49F,G3/7R47G,G3/9L47G
,,,,G3/7R48F,G3/9L50F,G3/7R48G,G3/9L48G
,,,,G3/7R49F,G3/9L51F,G3/7R49G,G3/9L49G
,,,,G3/7R50F,G3/9L52F,G3/7R50G,G3/9L50G
,,,,G3/7R51F,G3/9L53F,G3/7R51G,G3/9L51G
,,,,G3/7R52F,G3/9L54F,G3/7R52G,G3/9L52G
,,,,G3/7R53F,G3/9L55F,G3/7R53G,G3/9L53G
,,,,G3/7R54F,G3/9L56F,G3/7R54G,G3/9L54G
,,,,G3/7R55F,G3/9L57F,G3/7R55G,G3/9L55G
,,,,G3/7R56F,G3/9L58F,G3/7R56G,G3/9L56G
,,,,G3/7R57F,G3/9L59F,G3/7R57G,G3/9L57G
,,,,G3/7R58F,G3/9L60F,G3/7R58G,G3/9L58G
,,,,G3/7R59F,G3/9L61F,G3/7R59G,G3/9L59G
,,,,G3/7R60F,G3/9L62F,G3/7R60G,G3/9L60G
,,,,G3/7R61F,G3/9L63F,G3/7R61G,G3/9L61G
,,,,G3/7R62F,G3/9L64F,G3/7R62G,G3/9L62G
,,,,G3/7R63F,G3/9L65F,G3/7R63G,G3/9L63G
,,,,G3/7R64F,G3/9L66F,G3/7R64G,G3/9L64G
,,,,G3/7R65F,G3/9L67F,G3/7R65G,G3/9L65G
,,,,G3/7R66F,G3/9R67F,G3/7R66G,G3/9L66G
,,,,G3/7R67F,G3/7R1F,G3/7R67G,G3/9L67G
,,,,G3/7R69F,G3/7L2F,G3/7R68G,G3/9L68G
,,,,G3/6R1F,G3/7L3F,G3/6R1G,G3/7L1G
,,,,G3/6R2F,G3/7L4F,G3/6R2G,G3/7L2G
,,,,G3/6R3F,G3/7L5F,G3/6R3G,G3/7L3G
,,,,G3/6R4F,G3/7L6F,G3/6R4G,G3/7L4G
,,,,G3/6R5F,G3/7L7F,G3/6R5G,G3/7L5G
,,,,G3/6R6F,G3/7L8F,G3/6R6G,G3/7L6G
,,,,G3/6R7F,G3/7L9F,G3/6R7G,G3/7L7G
,,,,G3/6R8F,G3/7L10F,G3/6R8G,G3/7L8G
,,,,G3/6R9F,G3/7L11F,G3/6R9G,G3/7L9G
,,,,G3/6R10F,G3/7L12F,G3/6R10G,G3/7L10G
,,,,G3/6R11F,G3/7L13F,G3/6R11G,G3/7L11G
,,,,G3/6R12F,G3/7L14F,G3/6R12G,G3/7L12G
,,,,G3/6R13F,G3/7L15F,G3/6R13G,G3/7L13G
,,,,G3/6R14F,G3/7L16F,G3/6R14G,G3/7L14G
,,,,G3/6R15F,G3/7L17F,G3/6R15G,G3/7L15G
,,,,G3/6R16F,G3/7L18F,G3/6R16G,G3/7L16G
,,,,G3/6R17F,G3/7L19F,G3/6R17G,G3/7L17G
,,,,G3/6R18F,G3/7L20F,G3/6R18G,G3/7L18G
,,,,G3/6R19F,G3/7L21F,G3/6R19G,G3/7L19G
,,,,G3/6R20F,G3/7L22F,G3/6R20G,G3/7L20G
,,,,G3/6R21F,G3/7L23F,G3/6R21G,G3/7L21G
,,,,G3/6R22F,G3/7L24F,G3/6R22G,G3/7L22G
,,,,G3/6R23F,G3/7L25F,G3/6R23G,G3/7L23G
,,,,G3/6R24F,G3/7L26F,G3/6R24G,G3/7L24G
,,,,G3/6R25F,G3/7L27F,G3/6R25G,G3/7L25G
,,,,G3/6R26F,G3/7L28F,G3/6R26G,G3/7L26G
,,,,G3/6R27F,G3/7L29F,G3/6R27G,G3/7L27G
,,,,G3/6R28F,G3/7L30F,G3/6R28G,G3/7L28G
,,,,G3/6R29F,G3/7L31F,G3/6R29G,G3/7L29G
,,,,G3/6R30F,G3/7L32F,G3/6R30G,G3/7L30G
,,,,G3/6R31F,G3/7L33F,G3/6R31G,G3/7L31G
,,,,G3/6R32F,G3/7L34F,G3/6R32G,G3/7L32G
,,,,G3/6R33F,G3/7L35F,G3/6R33G,G3/7L33G
,,,,G3/6R34F,G3/7L36F,G3/6R34G,G3/7L34G
,,,,G3/6R35F,G3/7L37F,G3/6R35G,G3/7L35G
,,,,G3/6R36F,G3/7L38F,G3/6R36G,G3/7L36G
,,,,G3/6R37F,G3/7L39F,G3/6R37G,G3/7L37G
,,,,G3/6R38F,G3/7L40F,G3/6R38G,G3/7L38G
,,,,G3/6R39F,G3/7L41F,G3/6R39G,G3/7L39G
,,,,G3/6R40F,G3/7L42F,G3/6R40G,G3/7L40G
,,,,G3/6R41F,G3/7L43F,G3/6R41G,G3/7L41G
,,,,G3/6R42F,G3/7L44F,G3/6R42G,G3/7L42G
,,,,G3/6R43F,G3/7L45F,G3/6R43G,G3/7L43G
,,,,G3/6R44F,G3/7L46F,G3/6R44G,G3/7L44G
,,,,G3/6R45F,G3/7L47F,G3/6R45G,G3/7L45G
,,,,G3/6R46F,G3/7L48F,G3/6R46G,G3/7L46G
,,,,G3/6R47F,G3/7L49F,G3/6R47G,G3/7L47G
,,,,G3/6R48F,G3/7L50F,G3/6R48G,G3/7L48G
,,,,G3/6R49F,G3/7L51F,G3/6R49G,G3/7L49G
,,,,G3/6R50F,G3/7L52F,G3/6R50G,G3/7L50G
,,,,G3/6R51F,G3/7L53F,G3/6R51G,G3/7L51G
,,,,G3/6R52F,G3/7L54F,G3/6R52G,G3/7L52G
,,,,G3/6R53F,G3/7L55F,G3/6R53G,G3/7L53G
,,,,G3/6R54F,G3/7L56F,G3/6R54G,G3/7L54G
,,,,G3/6R55F,G3/7L57F,G3/6R55G,G3/7L55G
,,,,G3/6R56F,G3/7L58F,G3/6R56G,G3/7L56G
,,,,G3/6R57F,G3/7L59F,G3/6R57G,G3/7L57G
,,,,G3/6R58F,G3/7L60F,G3/6R58G,G3/7L58G
,,,,G3/6R59F,G3/7L61F,G3/6R59G,G3/7L59G
,,,,G3/6R60F,G3/7L62F,G3/6R60G,G3/7L60G
,,,,G3/6R61F,G3/7L63F,G3/6R61G,G3/7L61G
,,,,G3/6R62F,G3/7L64F,G3/6R62G,G3/7L62G
,,,,G3/6R63F,G3/7L65F,G3/6R63G,G3/7L63G
,,,,G3/6R64F,G3/7L66F,G3/6R64G,G3/7L64G
,,,,G3/6R65F,G3/7L67F,G3/6R65G,G3/7L65G
,,,,G3/6R66F,G3/7L68F,G3/6R66G,G3/7L66G
,,,,G3/6R67F,G3/7L69F,G3/6R67G,G3/7L67G
,,,,G3/6R68F,G3/7L70F,G3/6R68G,G3/7L68G
,,,,G3/6R69F,G3/7L71F,G3/6R69G,G3/7L69G
,,,,G3/6R70F,G3/7R69F,G3/6R70G,G3/7L70G
,,,,G3/6R71F,G3/6R1F,G3/6R71G,G3/7L71G
,,,,G3/6R73F,G3/6R73F,G3/6R72G,G3/7L72G
,,,,说明,补充说明,说明,补充说明
